label,generated_text
1,a man wearing a white cowboy hat
1,a man wearing a white cowboy hat
1,a man wearing a white cowboy hat
1,a man with long hair and a suit
1,a man with long hair and a suit
1,a man with long hair and a suit
1,a man with a zombie face
1,a man with a zombie face
1,a man with a zombie face
1,a man wearing a hat and sunglasses
1,a man wearing a hat and sunglasses
1,a man wearing a hat and sunglasses
1,a woman with curly hair and sunglasses smiling
1,a woman with curly hair and sunglasses smiling
1,a woman with curly hair and sunglasses smiling
1,a woman in an orange sari speaking into a microphone
1,a woman in an orange sari speaking into a microphone
1,a woman in an orange sari speaking into a microphone
1,a man in a pink shirt and a green shirt
1,a man in a pink shirt and a green shirt
1,a man in a pink shirt and a green shirt
1,a man with a tattoo on his face
1,a man with a tattoo on his face
1,a man with a tattoo on his face
1,a man in a suit and tie is looking at his hand
1,a man in a suit and tie is looking at his hand
1,a man in a suit and tie is looking at his hand
1,a woman with long brown hair smiling
1,a woman with long brown hair smiling
1,a woman with long brown hair smiling
1,a man wearing a red shirt
1,a man wearing a red shirt
1,a man wearing a red shirt
1,a man with short hair smiling
1,a man with short hair smiling
1,a man with short hair smiling
1,a woman with red hair
1,a woman with red hair
1,a woman with red hair
1,a man in military uniform speaking into a microphone
1,a man in military uniform speaking into a microphone
1,a man in military uniform speaking into a microphone
1,a woman in a floral dress is standing in front of a tree
1,a woman in a floral dress is standing in front of a tree
1,a woman in a floral dress is standing in front of a tree
1,a man with long hair and a black shirt
1,a man with long hair and a black shirt
1,a man with long hair and a black shirt
1,a man holding a bottle of sprite
1,a man holding a bottle of sprite
1,a man holding a bottle of sprite
1,a man and woman in the snow
1,a man and woman in the snow
1,a man and woman in the snow
1,a man with a mustache and a smile
1,a man with a mustache and a smile
1,a man with a mustache and a smile
1,a man wearing a mickey mouse hat
1,a man wearing a mickey mouse hat
1,a man wearing a mickey mouse hat
1,a man with long hair singing into a microphone
1,a man with long hair singing into a microphone
1,a man with long hair singing into a microphone
1,a man wearing a hat and a shirt
1,a man wearing a hat and a shirt
1,a man wearing a hat and a shirt
1,a man with pink mohawk and a leather jacket
1,a man with pink mohawk and a leather jacket
1,a man with pink mohawk and a leather jacket
1,a woman wearing pink minnie ears and sunglasses
1,a woman wearing pink minnie ears and sunglasses
1,a woman wearing pink minnie ears and sunglasses
1,a woman with red hair is speaking into a microphone
1,a woman with red hair is speaking into a microphone
1,a woman with red hair is speaking into a microphone
1,a man in a police uniform and hat
1,a man in a police uniform and hat
1,a man in a police uniform and hat
1,a man with a mustache and white shirt
1,a man with a mustache and white shirt
1,a man with a mustache and white shirt
1,a man with sunglasses and a leather jacket
1,a man with sunglasses and a leather jacket
1,a man with sunglasses and a leather jacket
1,a man in sunglasses taking a selfie on a stone wall
1,a man in sunglasses taking a selfie on a stone wall
1,a man in sunglasses taking a selfie on a stone wall
1,a woman with purple hair
1,a woman with purple hair
1,a woman with purple hair
1,a man in a suit and tie smiling
1,a man in a suit and tie smiling
1,a man in a suit and tie smiling
1,a man wearing a furry hat
1,a man wearing a furry hat
1,a man wearing a furry hat
1,a man in a uniform with a furry hat
1,a man in a uniform with a furry hat
1,a man in a uniform with a furry hat
1,a man in a pink shirt playing a trumpet
1,a man in a pink shirt playing a trumpet
1,a man in a pink shirt playing a trumpet
1,a man with a beard wearing a hat
1,a man with a beard wearing a hat
1,a man with a beard wearing a hat
1,a man wearing sunglasses and a white tank top
1,a man wearing sunglasses and a white tank top
1,a man wearing sunglasses and a white tank top
1,a man wearing a hat
1,a man wearing a hat
1,a man wearing a hat
1,a man wearing a hoodie
1,a man wearing a hoodie
1,a man wearing a hoodie
1,a woman with blonde hair and pearls in a pink dress
1,a woman with blonde hair and pearls in a pink dress
1,a woman with blonde hair and pearls in a pink dress
1,a man in a white shirt speaking into a microphone
1,a man in a white shirt speaking into a microphone
1,a man in a white shirt speaking into a microphone
1,a man wearing a red baseball cap
1,a man wearing a red baseball cap
1,a man wearing a red baseball cap
1,a woman in a white jacket and tie smiling
1,a woman in a white jacket and tie smiling
1,a woman in a white jacket and tie smiling
1,a man wearing a tinsel hat at a party
1,a man wearing a tinsel hat at a party
1,a man wearing a tinsel hat at a party
1,a woman with a frisbee in her hand
1,a woman with a frisbee in her hand
1,a woman with a frisbee in her hand
1,a man with gray hair and a black jacket
1,a man with gray hair and a black jacket
1,a man with gray hair and a black jacket
1,a man in a red shirt smiling in front of a runway
1,a man in a red shirt smiling in front of a runway
1,a man in a red shirt smiling in front of a runway
1,a woman with curly hair and a hat
1,a woman with curly hair and a hat
1,a woman with curly hair and a hat
1,a man with glasses
1,a man with glasses
1,a man with glasses
1,a woman in a white coat smiling
1,a woman in a white coat smiling
1,a woman in a white coat smiling
1,a man wearing a hat
1,a man wearing a hat
1,a man wearing a hat
1,a man in a blue shirt speaking into a microphone
1,a man in a blue shirt speaking into a microphone
1,a man in a blue shirt speaking into a microphone
1,a man wearing a hat
1,a man wearing a hat
1,a man wearing a hat
1,a man wearing a green hat
1,a man wearing a green hat
1,a man wearing a green hat
1,a man wearing sunglasses and a hoodie
1,a man wearing sunglasses and a hoodie
1,a man wearing sunglasses and a hoodie
1,a man in military uniform is looking at his phone
1,a man in military uniform is looking at his phone
1,a man in military uniform is looking at his phone
1,a woman is looking at a cell phone
1,a woman is looking at a cell phone
1,a woman is looking at a cell phone
1,a man wearing a police hat and scarf
1,a man wearing a police hat and scarf
1,a man wearing a police hat and scarf
1,a man with blonde hair smiling
1,a man with blonde hair smiling
1,a man with blonde hair smiling
1,a woman wearing sunglasses
1,a woman wearing sunglasses
1,a woman wearing sunglasses
1,a man wearing a hat
1,a man wearing a hat
1,a man wearing a hat
1,a man wearing sunglasses
1,a man wearing sunglasses
1,a man wearing sunglasses
1,a man with a headband on his head
1,a man with a headband on his head
1,a man with a headband on his head
1,a woman in a suit and tie smiling
1,a woman in a suit and tie smiling
1,a woman in a suit and tie smiling
1,a woman with glasses and a pink shirt
1,a woman with glasses and a pink shirt
1,a woman with glasses and a pink shirt
1,a man wearing a black hat
1,a man wearing a black hat
1,a man wearing a black hat
1,a man wearing a hat and shirt poses for a photo
1,a man wearing a hat and shirt poses for a photo
1,a man wearing a hat and shirt poses for a photo
1,a woman smiling in front of a crowd
1,a woman smiling in front of a crowd
1,a woman smiling in front of a crowd
1,a man wearing a hat
1,a man wearing a hat
1,a man wearing a hat
1,a woman with blonde hair
1,a woman with blonde hair
1,a woman with blonde hair
1,a bald man in a green shirt and tie speaking into a microphone
1,a bald man in a green shirt and tie speaking into a microphone
1,a bald man in a green shirt and tie speaking into a microphone
1,a man in a red jacket is looking at the camera
1,a man in a red jacket is looking at the camera
1,a man in a red jacket is looking at the camera
1,a woman wearing a headband smiles for the camera
1,a woman wearing a headband smiles for the camera
1,a woman wearing a headband smiles for the camera
1,a man smiling while holding a hot dog
1,a man smiling while holding a hot dog
1,a man smiling while holding a hot dog
1,a woman with curly hair and a purple shirt
1,a woman with curly hair and a purple shirt
1,a woman with curly hair and a purple shirt
1,a man with glasses and a red beard
1,a man with glasses and a red beard
1,a man with glasses and a red beard
1,a man in a green shirt and cap
1,a man in a green shirt and cap
1,a man in a green shirt and cap
1,a man holding a baby goat
1,a man holding a baby goat
1,a man holding a baby goat
1,a woman with black hair and a suit jacket
1,a woman with black hair and a suit jacket
1,a woman with black hair and a suit jacket
1,a man wearing a camouflage hat and shirt
1,a man wearing a camouflage hat and shirt
1,a man wearing a camouflage hat and shirt
1,a man in a suit and tie looking at the camera
1,a man in a suit and tie looking at the camera
1,a man in a suit and tie looking at the camera
1,a man in a life jacket
1,a man in a life jacket
1,a man in a life jacket
1,a woman with short hair smiling at the camera
1,a woman with short hair smiling at the camera
1,a woman with short hair smiling at the camera
1,a man wearing headphones and sunglasses on a track
1,a man wearing headphones and sunglasses on a track
1,a man wearing headphones and sunglasses on a track
1,a man in a suit and tie speaking into a microphone
1,a man in a suit and tie speaking into a microphone
1,a man in a suit and tie speaking into a microphone
1,a man smiling in front of a river
1,a man smiling in front of a river
1,a man smiling in front of a river
1,a woman with brown hair and a red shirt
1,a woman with brown hair and a red shirt
1,a woman with brown hair and a red shirt
1,a woman wearing a blue jacket and hat
1,a woman wearing a blue jacket and hat
1,a woman wearing a blue jacket and hat
1,a man with grey hair and blue shirt
1,a man with grey hair and blue shirt
1,a man with grey hair and blue shirt
1,a woman with brown hair and blue jacket
1,a woman with brown hair and blue jacket
1,a woman with brown hair and blue jacket
1,a man in a red shirt and tie
1,a man in a red shirt and tie
1,a man in a red shirt and tie
1,a man wearing a hat and a shirt
1,a man wearing a hat and a shirt
1,a man wearing a hat and a shirt
1,a woman in a brown shirt and brown jacket smiling
1,a woman in a brown shirt and brown jacket smiling
1,a woman in a brown shirt and brown jacket smiling
1,a man wearing a hat and sunglasses smiling
1,a man wearing a hat and sunglasses smiling
1,a man wearing a hat and sunglasses smiling
1,a man and woman with a wig and makeup
1,a man and woman with a wig and makeup
1,a man and woman with a wig and makeup
1,a man with blonde hair pointing at something
1,a man with blonde hair pointing at something
1,a man with blonde hair pointing at something
1,a man wearing a green shirt
1,a man wearing a green shirt
1,a man wearing a green shirt
1,a man with glasses and a plaid scarf
1,a man with glasses and a plaid scarf
1,a man with glasses and a plaid scarf
1,a man wearing a green and gold hat
1,a man wearing a green and gold hat
1,a man wearing a green and gold hat
1,a man wearing a hat and shirt standing in front of mountains
1,a man wearing a hat and shirt standing in front of mountains
1,a man wearing a hat and shirt standing in front of mountains
1,a man with a green shirt and a camera
1,a man with a green shirt and a camera
1,a man with a green shirt and a camera
1,a man with black hair and brown jacket
1,a man with black hair and brown jacket
1,a man with black hair and brown jacket
1,a man with a hawk on his shoulder
1,a man with a hawk on his shoulder
1,a man with a hawk on his shoulder
1,a man wearing a blue shirt and a hat
1,a man wearing a blue shirt and a hat
1,a man wearing a blue shirt and a hat
1,a man in a suit and tie speaking into a microphone
1,a man in a suit and tie speaking into a microphone
1,a man in a suit and tie speaking into a microphone
1,a man singing into a microphone with his mouth open
1,a man singing into a microphone with his mouth open
1,a man singing into a microphone with his mouth open
1,a man in a suit and tie standing next to another man
1,a man in a suit and tie standing next to another man
1,a man in a suit and tie standing next to another man
1,a man with grey hair smiling and wearing a plaid shirt
1,a man with grey hair smiling and wearing a plaid shirt
1,a man with grey hair smiling and wearing a plaid shirt
1,a man with a beard and hat is speaking
1,a man with a beard and hat is speaking
1,a man with a beard and hat is speaking
1,a man in a suit and tie speaking to a group of people
1,a man in a suit and tie speaking to a group of people
1,a man in a suit and tie speaking to a group of people
1,a woman with blonde hair smiling
1,a woman with blonde hair smiling
1,a woman with blonde hair smiling
1,a man and woman smiling
1,a man and woman smiling
1,a man and woman smiling
1,a man with a beard and a maroon shirt
1,a man with a beard and a maroon shirt
1,a man with a beard and a maroon shirt
1,a man wearing a bike helmet and glasses
1,a man wearing a bike helmet and glasses
1,a man wearing a bike helmet and glasses
1,a woman wearing goggles
1,a woman wearing goggles
1,a woman wearing goggles
1,a man with a mustache and a suit jacket
1,a man with a mustache and a suit jacket
1,a man with a mustache and a suit jacket
1,a man in a red costume
1,a man in a red costume
1,a man in a red costume
1,a man in black sweatshirt sitting at a table
1,a man in black sweatshirt sitting at a table
1,a man in black sweatshirt sitting at a table
1,a man wearing headphones sits in a conference room
1,a man wearing headphones sits in a conference room
1,a man wearing headphones sits in a conference room
1,a man holding a baby
1,a man holding a baby
1,a man holding a baby
1,a man wearing a hat
1,a man wearing a hat
1,a man wearing a hat
1,a man with a mustache and a sari
1,a man with a mustache and a sari
1,a man with a mustache and a sari
1,a woman with long brown hair smiling
1,a woman with long brown hair smiling
1,a woman with long brown hair smiling
1,a man in military uniform is speaking into a microphone
1,a man in military uniform is speaking into a microphone
1,a man in military uniform is speaking into a microphone
1,a man wearing a hat and a brown shirt
1,a man wearing a hat and a brown shirt
1,a man wearing a hat and a brown shirt
1,a man wearing a hat in front of trees
1,a man wearing a hat in front of trees
1,a man wearing a hat in front of trees
1,a woman with short black hair wearing a sweater
1,a woman with short black hair wearing a sweater
1,a woman with short black hair wearing a sweater
1,a man wearing a hat and suit
1,a man wearing a hat and suit
1,a man wearing a hat and suit
1,a man with long hair and a jacket
1,a man with long hair and a jacket
1,a man with long hair and a jacket
1,a man wearing sunglasses and a black vest
1,a man wearing sunglasses and a black vest
1,a man wearing sunglasses and a black vest
1,a man wearing a white shirt and tie
1,a man wearing a white shirt and tie
1,a man wearing a white shirt and tie
1,a man wearing sunglasses and a jacket
1,a man wearing sunglasses and a jacket
1,a man wearing sunglasses and a jacket
1,a woman wearing a blue shirt
1,a woman wearing a blue shirt
1,a woman wearing a blue shirt
1,a woman wearing an orange feathered collar
1,a woman wearing an orange feathered collar
1,a woman wearing an orange feathered collar
1,a man holding a carved wooden head
1,a man holding a carved wooden head
1,a man holding a carved wooden head
1,a man wearing a black jacket
1,a man wearing a black jacket
1,a man wearing a black jacket
1,a woman wearing a black hat
1,a woman wearing a black hat
1,a woman wearing a black hat
1,a man in glasses and a suit smiling
1,a man in glasses and a suit smiling
1,a man in glasses and a suit smiling
1,a woman is smiling
1,a woman is smiling
1,a woman is smiling
1,a man with long blonde hair wearing a helmet
1,a man with long blonde hair wearing a helmet
1,a man with long blonde hair wearing a helmet
1,a woman with curly hair standing in front of a body of water
1,a woman with curly hair standing in front of a body of water
1,a woman with curly hair standing in front of a body of water
1,a man in uniform is wearing a hat
1,a man in uniform is wearing a hat
1,a man in uniform is wearing a hat
1,a woman with long hair wearing a green dress
1,a woman with long hair wearing a green dress
1,a woman with long hair wearing a green dress
1,a man wearing a helmet and a yellow shirt
1,a man wearing a helmet and a yellow shirt
1,a man wearing a helmet and a yellow shirt
1,a man with blonde hair and sunglasses
1,a man with blonde hair and sunglasses
1,a man with blonde hair and sunglasses
1,man with curly hair
1,man with curly hair
1,man with curly hair
1,a man with a face painted with a wolf
1,a man with a face painted with a wolf
1,a man with a face painted with a wolf
1,a man with white hair and sunglasses
1,a man with white hair and sunglasses
1,a man with white hair and sunglasses
1,a woman with brown hair and a black jacket
1,a woman with brown hair and a black jacket
1,a woman with brown hair and a black jacket
1,a man wearing sunglasses and a beanie
1,a man wearing sunglasses and a beanie
1,a man wearing sunglasses and a beanie
1,a man wearing glasses and a black shirt
1,a man wearing glasses and a black shirt
1,a man wearing glasses and a black shirt
1,a woman in glasses and a red shirt
1,a woman in glasses and a red shirt
1,a woman in glasses and a red shirt
1,a man wearing sunglasses and a blue jacket
1,a man wearing sunglasses and a blue jacket
1,a man wearing sunglasses and a blue jacket
1,a man in a police uniform is standing in front of a crowd
1,a man in a police uniform is standing in front of a crowd
1,a man in a police uniform is standing in front of a crowd
1,a man with grey hair and a black jacket
1,a man with grey hair and a black jacket
1,a man with grey hair and a black jacket
1,a man in a white shirt and tie speaking
1,a man in a white shirt and tie speaking
1,a man in a white shirt and tie speaking
1,a man with glasses and a suit speaking into a microphone
1,a man with glasses and a suit speaking into a microphone
1,a man with glasses and a suit speaking into a microphone
1,a man with his hands on his face
1,a man with his hands on his face
1,a man with his hands on his face
1,a man wearing glasses and a red shirt
1,a man wearing glasses and a red shirt
1,a man wearing glasses and a red shirt
1,a man wearing a hat
1,a man wearing a hat
1,a man wearing a hat
1,a man wearing a hat
1,a man wearing a hat
1,a man wearing a hat
1,a man with a mustache
1,a man with a mustache
1,a man with a mustache
1,a man and a woman smiling for the camera
1,a man and a woman smiling for the camera
1,a man and a woman smiling for the camera
1,a man in a suit and tie speaking into a microphone
1,a man in a suit and tie speaking into a microphone
1,a man in a suit and tie speaking into a microphone
1,a woman wearing a pink sweater
1,a woman wearing a pink sweater
1,a woman wearing a pink sweater
1,a man in a red costume
1,a man in a red costume
1,a man in a red costume
1,a man with white hair and black shirt
1,a man with white hair and black shirt
1,a man with white hair and black shirt
1,a man with blonde hair smiling at the camera
1,a man with blonde hair smiling at the camera
1,a man with blonde hair smiling at the camera
1,a man wearing sunglasses and a hat
1,a man wearing sunglasses and a hat
1,a man wearing sunglasses and a hat
1,a man wearing a black hat
1,a man wearing a black hat
1,a man wearing a black hat
1,a man eating corn on the cob
1,a man eating corn on the cob
1,a man eating corn on the cob
1,a woman wearing a feathered hat
1,a woman wearing a feathered hat
1,a woman wearing a feathered hat
1,a man in a yellow fireman's helmet
1,a man in a yellow fireman's helmet
1,a man in a yellow fireman's helmet
1,a man smiling while holding a bass guitar
1,a man smiling while holding a bass guitar
1,a man smiling while holding a bass guitar
1,two men in suits
1,two men in suits
1,two men in suits
1,a woman is smiling while standing in front of a building
1,a woman is smiling while standing in front of a building
1,a woman is smiling while standing in front of a building
1,a man smiling in front of a red wall
1,a man smiling in front of a red wall
1,a man smiling in front of a red wall
1,a man with glasses and a suit speaking into a microphone
1,a man with glasses and a suit speaking into a microphone
1,a man with glasses and a suit speaking into a microphone
1,a man in a police uniform is smiling
1,a man in a police uniform is smiling
1,a man in a police uniform is smiling
1,a man in a suit and tie is looking at something
1,a man in a suit and tie is looking at something
1,a man in a suit and tie is looking at something
1,a woman with brown hair and a black jacket
1,a woman with brown hair and a black jacket
1,a woman with brown hair and a black jacket
1,a woman with black hair
1,a woman with black hair
1,a woman with black hair
1,a man wearing a miami dolphins hat
1,a man wearing a miami dolphins hat
1,a man wearing a miami dolphins hat
1,a man smiling in a room with a lot of people
1,a man smiling in a room with a lot of people
1,a man smiling in a room with a lot of people
1,a woman with blonde hair and green jacket
1,a woman with blonde hair and green jacket
1,a woman with blonde hair and green jacket
1,a woman with clown makeup on her face
1,a woman with clown makeup on her face
1,a woman with clown makeup on her face
1,a woman wearing sunglasses
1,a woman wearing sunglasses
1,a woman wearing sunglasses
1,a woman with short hair
1,a woman with short hair
1,a woman with short hair
1,a woman wearing a white shirt
1,a woman wearing a white shirt
1,a woman wearing a white shirt
1,a man with a microphone in his hand
1,a man with a microphone in his hand
1,a man with a microphone in his hand
1,a man in a white robe is speaking
1,a man in a white robe is speaking
1,a man in a white robe is speaking
1,a man with a mustache and turban
1,a man with a mustache and turban
1,a man with a mustache and turban
1,a man wearing a hat
1,a man wearing a hat
1,a man wearing a hat
1,a man with a blue shirt
1,a man with a blue shirt
1,a man with a blue shirt
1,a man with glasses holding a baby
1,a man with glasses holding a baby
1,a man with glasses holding a baby
1,a man with gray hair and a red shirt
1,a man with gray hair and a red shirt
1,a man with gray hair and a red shirt
1,a man in a suit and tie is looking at the camera
1,a man in a suit and tie is looking at the camera
1,a man in a suit and tie is looking at the camera
1,a woman wearing a santa hat
1,a woman wearing a santa hat
1,a woman wearing a santa hat
1,a woman wearing a red hat
1,a woman wearing a red hat
1,a woman wearing a red hat
1,a man with a blue shirt
1,a man with a blue shirt
1,a man with a blue shirt
0,a woman wearing glasses
0,a woman wearing glasses
0,a woman wearing glasses
0,a young man wearing a purple graduation cap and glasses
0,a young man wearing a purple graduation cap and glasses
0,a young man wearing a purple graduation cap and glasses
0,a woman wearing glasses
0,a woman wearing glasses
0,a woman wearing glasses
0,a man in a graduation hat smiling
0,a man in a graduation hat smiling
0,a man in a graduation hat smiling
0,a man smiling
0,a man smiling
0,a man smiling
0,a woman wearing glasses and a knitted hat
0,a woman wearing glasses and a knitted hat
0,a woman wearing glasses and a knitted hat
0,a woman wearing a black leather jacket
0,a woman wearing a black leather jacket
0,a woman wearing a black leather jacket
0,a man wearing a suit
0,a man wearing a suit
0,a man wearing a suit
0,a man with a black shirt and a red background
0,a man with a black shirt and a red background
0,a man with a black shirt and a red background
0,a woman wearing a colorful scarf
0,a woman wearing a colorful scarf
0,a woman wearing a colorful scarf
0,a young girl wearing a jacket and a hoodie
0,a young girl wearing a jacket and a hoodie
0,a young girl wearing a jacket and a hoodie
0,a woman wearing glasses
0,a woman wearing glasses
0,a woman wearing glasses
0,a woman with glasses is standing next to a bush
0,a woman with glasses is standing next to a bush
0,a woman with glasses is standing next to a bush
0,a woman with dreadlocks
0,a woman with dreadlocks
0,a woman with dreadlocks
0,a woman wearing a black jacket
0,a woman wearing a black jacket
0,a woman wearing a black jacket
0,a young girl with glasses is looking at something
0,a young girl with glasses is looking at something
0,a young girl with glasses is looking at something
0,a woman eating a hot dog
0,a woman eating a hot dog
0,a woman eating a hot dog
0,a woman with glasses and a man
0,a woman with glasses and a man
0,a woman with glasses and a man
0,a woman with blue hair and glasses
0,a woman with blue hair and glasses
0,a woman with blue hair and glasses
0,a woman with glasses
0,a woman with glasses
0,a woman with glasses
0,a woman with red paint on her face
0,a woman with red paint on her face
0,a woman with red paint on her face
0,a woman with a german flag painted on her face
0,a woman with a german flag painted on her face
0,a woman with a german flag painted on her face
0,a woman with red hair smiling
0,a woman with red hair smiling
0,a woman with red hair smiling
0,a man smiling while holding a cell phone
0,a man smiling while holding a cell phone
0,a man smiling while holding a cell phone
0,a woman smiling while holding a frisbee
0,a woman smiling while holding a frisbee
0,a woman smiling while holding a frisbee
0,a man with a black shirt and a hat
0,a man with a black shirt and a hat
0,a man with a black shirt and a hat
0,a woman wearing glasses
0,a woman wearing glasses
0,a woman wearing glasses
0,a smiling woman in a black sweater
0,a smiling woman in a black sweater
0,a smiling woman in a black sweater
0,a woman with clown makeup
0,a woman with clown makeup
0,a woman with clown makeup
0,two men wearing glasses and a tie
0,two men wearing glasses and a tie
0,two men wearing glasses and a tie
0,a woman with long brown hair
0,a woman with long brown hair
0,a woman with long brown hair
0,a smiling woman in a graduation cap and gown holding a cell phone
0,a smiling woman in a graduation cap and gown holding a cell phone
0,a smiling woman in a graduation cap and gown holding a cell phone
0,a young man with a green and white uniform
0,a young man with a green and white uniform
0,a young man with a green and white uniform
0,a woman in a wheelchair smiling at the camera
0,a woman in a wheelchair smiling at the camera
0,a woman in a wheelchair smiling at the camera
0,a man with a mustache and a red sweater
0,a man with a mustache and a red sweater
0,a man with a mustache and a red sweater
0,a young man with holi paint on his face
0,a young man with holi paint on his face
0,a young man with holi paint on his face
0,a man holding a baby in a white shirt
0,a man holding a baby in a white shirt
0,a man holding a baby in a white shirt
0,a man with glasses and a t shirt
0,a man with glasses and a t shirt
0,a man with glasses and a t shirt
0,a woman wearing sunglasses
0,a woman wearing sunglasses
0,a woman wearing sunglasses
0,a woman wearing a blue jacket
0,a woman wearing a blue jacket
0,a woman wearing a blue jacket
0,a man wearing glasses smiling
0,a man wearing glasses smiling
0,a man wearing glasses smiling
0,a woman with long black hair
0,a woman with long black hair
0,a woman with long black hair
0,a woman with long hair smiling at the camera
0,a woman with long hair smiling at the camera
0,a woman with long hair smiling at the camera
0,a girl wearing glasses
0,a girl wearing glasses
0,a girl wearing glasses
0,a woman wearing a red hat and jacket smiling
0,a woman wearing a red hat and jacket smiling
0,a woman wearing a red hat and jacket smiling
0,a man and woman smiling
0,a man and woman smiling
0,a man and woman smiling
0,a woman with long hair
0,a woman with long hair
0,a woman with long hair
0,a man in a suit and tie smiling
0,a man in a suit and tie smiling
0,a man in a suit and tie smiling
0,a woman wearing google hat
0,a woman wearing google hat
0,a woman wearing google hat
0,a woman with glasses smiling at the camera
0,a woman with glasses smiling at the camera
0,a woman with glasses smiling at the camera
0,a woman wearing sunglasses
0,a woman wearing sunglasses
0,a woman wearing sunglasses
0,a man in a suit and tie
0,a man in a suit and tie
0,a man in a suit and tie
0,a woman wearing yellow sunglasses and a yellow hat
0,a woman wearing yellow sunglasses and a yellow hat
0,a woman wearing yellow sunglasses and a yellow hat
0,a woman with red hair and glasses
0,a woman with red hair and glasses
0,a woman with red hair and glasses
0,a woman wearing glasses and a hat
0,a woman wearing glasses and a hat
0,a woman wearing glasses and a hat
0,a woman wearing glasses
0,a woman wearing glasses
0,a woman wearing glasses
0,a woman with glasses and a black shirt
0,a woman with glasses and a black shirt
0,a woman with glasses and a black shirt
0,a girl with cat face paint at a convention
0,a girl with cat face paint at a convention
0,a girl with cat face paint at a convention
0,a woman with orange hair wearing a red dress
0,a woman with orange hair wearing a red dress
0,a woman with orange hair wearing a red dress
0,a young woman smiles while standing in front of a bus
0,a young woman smiles while standing in front of a bus
0,a young woman smiles while standing in front of a bus
0,a woman smiling in front of a large building
0,a woman smiling in front of a large building
0,a woman smiling in front of a large building
0,a woman in glasses and a scarf standing outside
0,a woman in glasses and a scarf standing outside
0,a woman in glasses and a scarf standing outside
0,a woman wearing glasses
0,a woman wearing glasses
0,a woman wearing glasses
0,a woman holding a wii remote
0,a woman holding a wii remote
0,a woman holding a wii remote
0,two girls wearing glasses
0,two girls wearing glasses
0,two girls wearing glasses
0,a woman smiling in front of a red and white balloon
0,a woman smiling in front of a red and white balloon
0,a woman smiling in front of a red and white balloon
0,a woman with glasses smiling
0,a woman with glasses smiling
0,a woman with glasses smiling
0,a woman with blue hair and glasses
0,a woman with blue hair and glasses
0,a woman with blue hair and glasses
0,a woman holding a baby
0,a woman holding a baby
0,a woman holding a baby
0,a woman with paint on her face
0,a woman with paint on her face
0,a woman with paint on her face
0,a young girl smiling while wearing a blue swimsuit
0,a young girl smiling while wearing a blue swimsuit
0,a young girl smiling while wearing a blue swimsuit
0,a woman with glasses and a pink shirt
0,a woman with glasses and a pink shirt
0,a woman with glasses and a pink shirt
0,a man wearing glasses
0,a man wearing glasses
0,a man wearing glasses
0,a woman with glasses
0,a woman with glasses
0,a woman with glasses
0,a woman with white hair and horns is wearing a cosplay
0,a woman with white hair and horns is wearing a cosplay
0,a woman with white hair and horns is wearing a cosplay
0,a woman with glasses and a smile
0,a woman with glasses and a smile
0,a woman with glasses and a smile
0,a woman with black hair and blue eyes
0,a woman with black hair and blue eyes
0,a woman with black hair and blue eyes
0,a woman smiling while holding a cell phone
0,a woman smiling while holding a cell phone
0,a woman smiling while holding a cell phone
0,a man and woman in graduation gowns smile for the camera
0,a man and woman in graduation gowns smile for the camera
0,a man and woman in graduation gowns smile for the camera
0,a woman with a face painted with numbers
0,a woman with a face painted with numbers
0,a woman with a face painted with numbers
0,a man and a woman posing for a picture
0,a man and a woman posing for a picture
0,a man and a woman posing for a picture
0,a woman wearing sunglasses
0,a woman wearing sunglasses
0,a woman wearing sunglasses
0,a young man in a blue shirt smiling
0,a young man in a blue shirt smiling
0,a young man in a blue shirt smiling
0,a man and woman smiling
0,a man and woman smiling
0,a man and woman smiling
0,a woman with glasses
0,a woman with glasses
0,a woman with glasses
0,a woman holding a baby
0,a woman holding a baby
0,a woman holding a baby
0,a woman with glasses and a smile
0,a woman with glasses and a smile
0,a woman with glasses and a smile
0,a woman wearing a green shirt
0,a woman wearing a green shirt
0,a woman wearing a green shirt
0,a man and woman covered in colorful paint
0,a man and woman covered in colorful paint
0,a man and woman covered in colorful paint
0,a woman with glasses holding a beer
0,a woman with glasses holding a beer
0,a woman with glasses holding a beer
0,a woman wearing a crown
0,a woman wearing a crown
0,a woman wearing a crown
0,a girl wearing sunglasses and a white shirt
0,a girl wearing sunglasses and a white shirt
0,a girl wearing sunglasses and a white shirt
0,a man with glasses smiling in front of trees
0,a man with glasses smiling in front of trees
0,a man with glasses smiling in front of trees
0,a woman wearing glasses
0,a woman wearing glasses
0,a woman wearing glasses
0,a woman wearing sunglasses
0,a woman wearing sunglasses
0,a woman wearing sunglasses
0,a man with long hair
0,a man with long hair
0,a man with long hair
0,a woman wearing sunglasses
0,a woman wearing sunglasses
0,a woman wearing sunglasses
0,a woman smiling in front of a tree
0,a woman smiling in front of a tree
0,a woman smiling in front of a tree
0,a woman with glasses smiling and holding a banana
0,a woman with glasses smiling and holding a banana
0,a woman with glasses smiling and holding a banana
0,a woman with colorful paint on her face
0,a woman with colorful paint on her face
0,a woman with colorful paint on her face
0,a man with a red background and headphones
0,a man with a red background and headphones
0,a man with a red background and headphones
0,a young woman with glasses and a black shirt
0,a young woman with glasses and a black shirt
0,a young woman with glasses and a black shirt
0,a young woman in a maroon shirt smiling
0,a young woman in a maroon shirt smiling
0,a young woman in a maroon shirt smiling
0,a girl with glasses holding up a small light
0,a girl with glasses holding up a small light
0,a girl with glasses holding up a small light
0,a man wearing glasses and a cap holding a microphone
0,a man wearing glasses and a cap holding a microphone
0,a man wearing glasses and a cap holding a microphone
0,a woman with glasses
0,a woman with glasses
0,a woman with glasses
0,a woman with glasses
0,a woman with glasses
0,a woman with glasses
0,a woman with long hair smiling at the camera
0,a woman with long hair smiling at the camera
0,a woman with long hair smiling at the camera
0,a man with a shaved head wearing a necklace
0,a man with a shaved head wearing a necklace
0,a man with a shaved head wearing a necklace
0,two women in graduation gowns smiling for the camera
0,two women in graduation gowns smiling for the camera
0,two women in graduation gowns smiling for the camera
0,two girls with curly hair and glasses posing for a photo
0,two girls with curly hair and glasses posing for a photo
0,two girls with curly hair and glasses posing for a photo
0,a young man smiling in front of a black shirt
0,a young man smiling in front of a black shirt
0,a young man smiling in front of a black shirt
0,a woman with glasses is sitting in front of a group of people
0,a woman with glasses is sitting in front of a group of people
0,a woman with glasses is sitting in front of a group of people
0,a girl blowing a bubble
0,a girl blowing a bubble
0,a girl blowing a bubble
0,a woman with curly hair smiling in front of a tree
0,a woman with curly hair smiling in front of a tree
0,a woman with curly hair smiling in front of a tree
0,a woman with glasses is looking up
0,a woman with glasses is looking up
0,a woman with glasses is looking up
0,a young man with glasses and a mustache
0,a young man with glasses and a mustache
0,a young man with glasses and a mustache
0,a man smiling in front of a blue background
0,a man smiling in front of a blue background
0,a man smiling in front of a blue background
0,a woman wearing a headband
0,a woman wearing a headband
0,a woman wearing a headband
0,a woman wearing glasses
0,a woman wearing glasses
0,a woman wearing glasses
0,a woman wearing a blue hat
0,a woman wearing a blue hat
0,a woman wearing a blue hat
0,a girl wearing glasses
0,a girl wearing glasses
0,a girl wearing glasses
0,a woman with red hair and glasses
0,a woman with red hair and glasses
0,a woman with red hair and glasses
0,a woman with long brown hair and hoop earrings
0,a woman with long brown hair and hoop earrings
0,a woman with long brown hair and hoop earrings
0,a man with a beard
0,a man with a beard
0,a man with a beard
0,a woman wearing glasses and a hat
0,a woman wearing glasses and a hat
0,a woman wearing glasses and a hat
0,a man and woman smiling
0,a man and woman smiling
0,a man and woman smiling
0,a girl wearing glasses
0,a girl wearing glasses
0,a girl wearing glasses
0,a woman with glasses and a blue shirt
0,a woman with glasses and a blue shirt
0,a woman with glasses and a blue shirt
0,a woman with red hair and glasses is smiling
0,a woman with red hair and glasses is smiling
0,a woman with red hair and glasses is smiling
0,a girl wearing glasses
0,a girl wearing glasses
0,a girl wearing glasses
0,a woman wearing a red hat
0,a woman wearing a red hat
0,a woman wearing a red hat
0,a woman with long black hair smiling
0,a woman with long black hair smiling
0,a woman with long black hair smiling
0,a woman with glasses
0,a woman with glasses
0,a woman with glasses
0,a girl with long brown hair
0,a girl with long brown hair
0,a girl with long brown hair
0,a man holding a cell phone
0,a man holding a cell phone
0,a man holding a cell phone
0,a young woman with blonde hair smiling
0,a young woman with blonde hair smiling
0,a young woman with blonde hair smiling
0,a woman with glasses and an afro smiles
0,a woman with glasses and an afro smiles
0,a woman with glasses and an afro smiles
0,a woman with red hair smiling
0,a woman with red hair smiling
0,a woman with red hair smiling
0,a woman wearing purple glasses
0,a woman wearing purple glasses
0,a woman wearing purple glasses
0,a woman smiling in front of a body of water
0,a woman smiling in front of a body of water
0,a woman smiling in front of a body of water
0,two blonde women posing for a photo
0,two blonde women posing for a photo
0,two blonde women posing for a photo
0,a woman wearing sunglasses
0,a woman wearing sunglasses
0,a woman wearing sunglasses
0,a woman singing into a microphone
0,a woman singing into a microphone
0,a woman singing into a microphone
0,a woman with long hair
0,a woman with long hair
0,a woman with long hair
0,a man with glasses and a beard smiling
0,a man with glasses and a beard smiling
0,a man with glasses and a beard smiling
0,a woman wearing a pink hat and scarf
0,a woman wearing a pink hat and scarf
0,a woman wearing a pink hat and scarf
0,a woman with purple lipstick and sunglasses
0,a woman with purple lipstick and sunglasses
0,a woman with purple lipstick and sunglasses
0,a woman wearing a black headband
0,a woman wearing a black headband
0,a woman wearing a black headband
0,a woman wearing glasses
0,a woman wearing glasses
0,a woman wearing glasses
0,a woman with blood on her face
0,a woman with blood on her face
0,a woman with blood on her face
0,a young woman with long hair smiling in front of a bush
0,a young woman with long hair smiling in front of a bush
0,a young woman with long hair smiling in front of a bush
0,a man in a suit
0,a man in a suit
0,a man in a suit
0,a man and woman smiling
0,a man and woman smiling
0,a man and woman smiling
0,two girls smiling
0,two girls smiling
0,two girls smiling
0,a woman with long brown hair
0,a woman with long brown hair
0,a woman with long brown hair
0,a man with brown hair
0,a man with brown hair
0,a man with brown hair
0,a man with glasses
0,a man with glasses
0,a man with glasses
0,a girl smiling in front of a river
0,a girl smiling in front of a river
0,a girl smiling in front of a river
0,a girl with long hair
0,a girl with long hair
0,a girl with long hair
0,a woman with glasses and fur ear muffs
0,a woman with glasses and fur ear muffs
0,a woman with glasses and fur ear muffs
0,a woman with a butterfly painted on her face
0,a woman with a butterfly painted on her face
0,a woman with a butterfly painted on her face
0,a woman smiling
0,a woman smiling
0,a woman smiling
0,a young man with glasses and a white shirt
0,a young man with glasses and a white shirt
0,a young man with glasses and a white shirt
0,a girl wearing a traditional native headdress
0,a girl wearing a traditional native headdress
0,a girl wearing a traditional native headdress
0,a woman with long brown hair
0,a woman with long brown hair
0,a woman with long brown hair
0,a young girl smiling in front of a mirror
0,a young girl smiling in front of a mirror
0,a young girl smiling in front of a mirror
0,a woman with glasses and a necklace is smiling
0,a woman with glasses and a necklace is smiling
0,a woman with glasses and a necklace is smiling
0,a man in a suit and tie
0,a man in a suit and tie
0,a man in a suit and tie
0,a woman in glasses smiling at the camera
0,a woman in glasses smiling at the camera
0,a woman in glasses smiling at the camera
0,a woman with red hair
0,a woman with red hair
0,a woman with red hair
0,a woman with glasses and a headband smiling
0,a woman with glasses and a headband smiling
0,a woman with glasses and a headband smiling
0,a woman in a pink hijab smiling at the camera
0,a woman in a pink hijab smiling at the camera
0,a woman in a pink hijab smiling at the camera
0,a woman with glasses and a black jacket
0,a woman with glasses and a black jacket
0,a woman with glasses and a black jacket
0,a woman eating a piece of cake
0,a woman eating a piece of cake
0,a woman eating a piece of cake
0,a woman wearing a turban and a denim jacket
0,a woman wearing a turban and a denim jacket
0,a woman wearing a turban and a denim jacket
0,a woman in a graduation gown smiling
0,a woman in a graduation gown smiling
0,a woman in a graduation gown smiling
0,a young girl holding a swan
0,a young girl holding a swan
0,a young girl holding a swan
0,a woman with glasses and a long tongue sticking out
0,a woman with glasses and a long tongue sticking out
0,a woman with glasses and a long tongue sticking out
0,a woman with red hair
0,a woman with red hair
0,a woman with red hair
0,a woman with glasses and a smile
0,a woman with glasses and a smile
0,a woman with glasses and a smile
0,a man with a white shirt
0,a man with a white shirt
0,a man with a white shirt
0,a young man with glasses and a cello
0,a young man with glasses and a cello
0,a young man with glasses and a cello
0,a woman with glasses and a red shirt smiling
0,a woman with glasses and a red shirt smiling
0,a woman with glasses and a red shirt smiling
0,a woman with glasses smiling and wearing a black shirt
0,a woman with glasses smiling and wearing a black shirt
0,a woman with glasses smiling and wearing a black shirt
0,a woman smiling while holding a frisbee
0,a woman smiling while holding a frisbee
0,a woman smiling while holding a frisbee
0,a woman with dark hair and blue tank top
0,a woman with dark hair and blue tank top
0,a woman with dark hair and blue tank top
0,a woman with red hair
0,a woman with red hair
0,a woman with red hair
0,a woman with pink hair
0,a woman with pink hair
0,a woman with pink hair
0,a woman wearing a scarf
0,a woman wearing a scarf
0,a woman wearing a scarf
0,a woman in traditional costume smiling
0,a woman in traditional costume smiling
0,a woman in traditional costume smiling
0,a man wearing headphones and a microphone
0,a man wearing headphones and a microphone
0,a man wearing headphones and a microphone
0,a woman wearing glasses
0,a woman wearing glasses
0,a woman wearing glasses
0,a man wearing goggles and a snowboard
0,a man wearing goggles and a snowboard
0,a man wearing goggles and a snowboard
0,a woman with braids and a necklace
0,a woman with braids and a necklace
0,a woman with braids and a necklace
